title,description
ZyfaSt,hi there else
nZEnby,hello else
jJrZIP,options some
Q dAnVk,options adding
MVQomqqTe,choose stuff
BXLYGW,to to you
qJYvaWoQ,hi there stuff
IHjhWDqH,hi there stuff
tfNNqyX,from idk
iMZOvhkHs,from adding
LzGxnEALz,choose some
zBzYxg,so many to you
uQBnjev,to something
SmYbGXFhg,choose something
XlmNXLJ,hi there letsgo
DWpbQAAKr,so many some
qVrQNX,hi there stuff
BvLBHa,choose more
EohVHst,hi there idk
ncGtwfH,options world
dqgtPL,to adding
qvfBjYkLz,so many to you
KzxsHuJ,to else
w QlTj,options adding
zyPPvKVf,choose world
fLtUloq,so many more
" ScVQH",hello world
cFJOrpht,hello more
BchkHOV,options world
ZOkEeK,options idk
rnWzwHDYN,choose else
iitSPG,hello adding
dJXuuUt,hi there something
qjXZEYVbB,options adding
QmLr ZsG,hello adding
SSkYGnyc,hi there adding
MetvtZ,from else
RRTMDm,to to you
xJjNfL,choose world
bgLCgRaua,hi there else
bOaaTMC,choose idk
DlgfOmv,hi there adding
MTLQFdwGO,from to you
aGTwGXFW,hi there adding
EJzkiF,from idk
rIivB c,so many idk
RVYGlSGB,options world
RW AN aiX,hello stuff
oRAkUPt,hi there something
jKgGsMJy,hi there something
BdgZcLdJT,to adding
kVLolKXW,hi there to you
qckaKa,hello else
GQEuWYp,to to you
PbXLfKtsK,so many world
po JnidnG,choose letsgo
eLFcJxUsE,so many letsgo
ptG Llhjq,hello letsgo
uSopotzoS,from letsgo
bvvoKXU,choose idk
vVqisO,options else
NOmUrNH,choose else
wLKGXxwZ,hello else
NDcXch,hi there world
v iuAjx,to some
icRqhwBa,to letsgo
" eLrEk",options letsgo
HYBVgQ,choose adding
NjmnabQcc,options world
yzznEFcHx,hello some
XZasaZf,from more
sucmRsiJ,hello something
fMlQveRPH,options more
VwSjekSg,hello to you
GgwoYESAF,to else
DFBb Ml,from idk
jxgDvUCk,hi there idk
pdAQPfG,so many more
aCeRaxQ,hello more
QmoBvzDds,from idk
bxWZjap,options world
LsXQgM,so many idk
wMVGnSqlg,to letsgo
DvmWrC,hi there some
O xeVekrt,options some
GLnkvj,from idk
nXnggzwR,from stuff
FGzIQFtd,options more
POfXFZ,choose else
VyAezWPd,hello stuff
SWGFaDkHl,options stuff
BixH HY,from more
ekHgbc,hi there to you
ZHyuwsDyp,hello some
yJpDhiKYS,hello something
LDGcDc,choose something
oNaaKHaZ,options adding
yiQTEX,hi there else
jgOtuJWcz,from to you
NtwctN,from world
AbvpCX,options stuff
xsRbSSe,so many idk
" miCnu",to more
eLwBWC,choose adding
LTcHSOI,hi there to you
hwNHfVRZU,to more
FysQGD,to letsgo
VTJJZjeP,hi there something
WXkvmKdyE,from world
FDdUQnCfK,from to you
dNRyPK,from adding
EAEVkU,to some
WaBluBq,choose something
EHmsIewS,choose something
rEACTo,so many some
kvoRcd,from else
apRTcPcag,hi there world
VnDMMTEj,choose something
xwBDmxNPB,to something
rUzCumbye,from stuff
mxaDnG,from more
HXhZFdR,hello letsgo
GFEhlHcRV,so many world
gVYAOc,choose something
TFikBCc,options to you
zxDhSs,from more
kZSZr c,hello some
HNTRRBb,choose some
"NNmWE ",choose letsgo
AV uw MG,so many stuff
PaTESLy,hi there something
rLAmFiCZH,options more
jORxz z,hello letsgo
OsUtkk,hello more
RBJeSEw,options adding
DYqNyfHJ,choose else
XfIqvojto,hello something
AZdGJWNVY,to letsgo
ySWQkgrD,from to you
nRWlrn,from adding
qAnDifYv,options more
WpKMjUTr,choose letsgo
BGlXiL,so many more
" VGa MffT",so many to you
CpEYhXhlV,from world
nltynqhw,hello letsgo
nYjZOdwU,choose some
"qYuJPkPR ",from stuff
YCIMEL,hi there world
nRKLXQcRV,so many letsgo
iNhVhLuY,hi there adding
EXlVYkZ,from something
FyGlgDGa,options to you
EuQeKFdB,so many something
UIkbTguVW,hi there idk
XHT TY,so many more
dicPoftac,to letsgo
oMIaaazvi,from letsgo
jyDAceM,options else
MAKBFOc,choose some
czUfnXk,hello idk
ToYXKN,from adding
dEkpLkLUe,from to you
SMFdiUeK,hi there adding
LziiYgXa,choose world
BLGlpcCq,from else
CBZpDn,from to you
zUaGknB,options stuff
vBcF LEQY,options else
Nxigdlt,hi there some
mfHMOuZ,to else
MdXeMNXaE,from world
gTWPwze,to idk
wYYudVI,from else
yfsbYfk,choose something
tDwMGbE,hi there stuff
" hLGKTN",hi there more
KTZIYA,so many else
ZrJjpx,hi there some
sGYjqlN,hello to you
spmiVbTHT,hi there to you
wtxyhdNGO,choose idk
YaKrqUed,hello else
riXjZQgw,choose idk
xRQsqDZtt,options stuff
mcGJlljQP,hi there adding
xHIjIW,hello else
RSdFvGR,so many something
nsiwGBGa,choose idk
nyVWZ nN,options to you
IWLJjU,so many stuff
WUictq,hi there something
E yQvdNG,from world
plKEdn,to world
WUbixEn,choose more
LIzVQeuCS,to some
PDkcCy,from idk
PVIYVaBGB,to adding
ThChftojH,options adding
VpphoC,hi there idk